Indicator,Year,Geography,FIPS,Cases,Rate per 100000
Tuberculosis,2000,Alabama,1,310,7
Tuberculosis,2001,Alabama,1,264,5.9
Tuberculosis,2002,Alabama,1,233,5.2
Tuberculosis,2003,Alabama,1,258,5.7
Tuberculosis,2004,Alabama,1,211,4.7
Tuberculosis,2005,Alabama,1,216,4.7
Tuberculosis,2006,Alabama,1,196,4.2
Tuberculosis,2007,Alabama,1,176,3.8
Tuberculosis,2008,Alabama,1,176,3.7
Tuberculosis,2009,Alabama,1,168,3.5
Tuberculosis,2010,Alabama,1,146,3.1
Tuberculosis,2011,Alabama,1,161,3.4
Tuberculosis,2012,Alabama,1,134,2.8
Tuberculosis,2013,Alabama,1,108,2.2
Tuberculosis,2014,Alabama,1,133,2.7
Tuberculosis,2015,Alabama,1,119,2.5
Tuberculosis,2016,Alabama,1,112,2.3
Tuberculosis,2017,Alabama,1,120,2.5
Tuberculosis,2018,Alabama,1,90,1.8
Tuberculosis,2019,Alabama,1,87,1.8
Tuberculosis,2020 (COVID-19 Pandemic),Alabama,1,72,1.4
Tuberculosis,2021,Alabama,1,91,1.8
Tuberculosis,2022,Alabama,1,65,1.3
Tuberculosis,2000,Alaska,2,108,17.2
Tuberculosis,2001,Alaska,2,54,8.5
Tuberculosis,2002,Alaska,2,49,7.6
Tuberculosis,2003,Alaska,2,57,8.8
Tuberculosis,2004,Alaska,2,43,6.5
Tuberculosis,2005,Alaska,2,59,8.8
Tuberculosis,2006,Alaska,2,70,10.4
Tuberculosis,2007,Alaska,2,50,7.3
Tuberculosis,2008,Alaska,2,50,7.3
Tuberculosis,2009,Alaska,2,37,5.3
Tuberculosis,2010,Alaska,2,57,8
Tuberculosis,2011,Alaska,2,67,9.3
Tuberculosis,2012,Alaska,2,65,8.9
Tuberculosis,2013,Alaska,2,71,9.6
Tuberculosis,2014,Alaska,2,62,8.4
Tuberculosis,2015,Alaska,2,68,9.2
Tuberculosis,2016,Alaska,2,57,7.7
Tuberculosis,2017,Alaska,2,53,7.2
Tuberculosis,2018,Alaska,2,63,8.6
Tuberculosis,2019,Alaska,2,58,7.9
Tuberculosis,2020 (COVID-19 Pandemic),Alaska,2,58,7.9
Tuberculosis,2021,Alaska,2,58,7.9
Tuberculosis,2022,Alaska,2,95,13
Tuberculosis,2000,Arizona,4,261,5.1
Tuberculosis,2001,Arizona,4,289,5.5
Tuberculosis,2002,Arizona,4,263,4.9
Tuberculosis,2003,Arizona,4,295,5.4
Tuberculosis,2004,Arizona,4,272,4.8
Tuberculosis,2005,Arizona,4,281,4.8
Tuberculosis,2006,Arizona,4,313,5.2
Tuberculosis,2007,Arizona,4,302,4.9
Tuberculosis,2008,Arizona,4,227,3.6
Tuberculosis,2009,Arizona,4,232,3.7
Tuberculosis,2010,Arizona,4,282,4.4
Tuberculosis,2011,Arizona,4,255,3.9
Tuberculosis,2012,Arizona,4,211,3.2
Tuberculosis,2013,Arizona,4,184,2.8
Tuberculosis,2014,Arizona,4,193,2.9
Tuberculosis,2015,Arizona,4,198,2.9
Tuberculosis,2016,Arizona,4,188,2.7
Tuberculosis,2017,Arizona,4,188,2.7
Tuberculosis,2018,Arizona,4,178,2.5
Tuberculosis,2019,Arizona,4,183,2.5
Tuberculosis,2020 (COVID-19 Pandemic),Arizona,4,136,1.9
Tuberculosis,2021,Arizona,4,129,1.8
Tuberculosis,2022,Arizona,4,154,2.1
Tuberculosis,2000,Arkansas,5,199,7.4
Tuberculosis,2001,Arkansas,5,162,6
Tuberculosis,2002,Arkansas,5,136,5
Tuberculosis,2003,Arkansas,5,128,4.7
Tuberculosis,2004,Arkansas,5,134,4.9
Tuberculosis,2005,Arkansas,5,117,4.2
Tuberculosis,2006,Arkansas,5,102,3.6
Tuberculosis,2007,Arkansas,5,106,3.7
Tuberculosis,2008,Arkansas,5,83,2.9
Tuberculosis,2009,Arkansas,5,82,2.8
Tuberculosis,2010,Arkansas,5,78,2.7
Tuberculosis,2011,Arkansas,5,85,2.9
Tuberculosis,2012,Arkansas,5,70,2.4
Tuberculosis,2013,Arkansas,5,72,2.4
Tuberculosis,2014,Arkansas,5,93,3.1
Tuberculosis,2015,Arkansas,5,90,3
Tuberculosis,2016,Arkansas,5,91,3
Tuberculosis,2017,Arkansas,5,85,2.8
Tuberculosis,2018,Arkansas,5,76,2.5
Tuberculosis,2019,Arkansas,5,64,2.1
Tuberculosis,2020 (COVID-19 Pandemic),Arkansas,5,59,2
Tuberculosis,2021,Arkansas,5,69,2.3
Tuberculosis,2022,Arkansas,5,68,2.2
Tuberculosis,2000,California,6,"3,288",9.7
Tuberculosis,2001,California,6,"3,329",9.7
Tuberculosis,2002,California,6,"3,172",9.1
Tuberculosis,2003,California,6,"3,218",9.1
Tuberculosis,2004,California,6,"2,990",8.4
Tuberculosis,2005,California,6,"2,897",8.1
Tuberculosis,2006,California,6,"2,776",7.7
Tuberculosis,2007,California,6,"2,722",7.5
Tuberculosis,2008,California,6,"2,695",7.4
Tuberculosis,2009,California,6,"2,466",6.7
Tuberculosis,2010,California,6,"2,323",6.2
Tuberculosis,2011,California,6,"2,320",6.2
Tuberculosis,2012,California,6,"2,185",5.8
Tuberculosis,2013,California,6,"2,163",5.7
Tuberculosis,2014,California,6,"2,130",5.5
Tuberculosis,2015,California,6,"2,131",5.5
Tuberculosis,2016,California,6,"2,059",5.3
Tuberculosis,2017,California,6,"2,057",5.2
Tuberculosis,2018,California,6,"2,096",5.3
Tuberculosis,2019,California,6,"2,110",5.4
Tuberculosis,2020 (COVID-19 Pandemic),California,6,"1,704",4.3
Tuberculosis,2021,California,6,"1,749",4.5
Tuberculosis,2022,California,6,"1,848",4.7
Tuberculosis,2000,Colorado,8,97,2.2
Tuberculosis,2001,Colorado,8,138,3.1
Tuberculosis,2002,Colorado,8,103,2.3
Tuberculosis,2003,Colorado,8,111,2.5
Tuberculosis,2004,Colorado,8,128,2.8
Tuberculosis,2005,Colorado,8,101,2.2
Tuberculosis,2006,Colorado,8,124,2.6
Tuberculosis,2007,Colorado,8,111,2.3
Tuberculosis,2008,Colorado,8,103,2.1
Tuberculosis,2009,Colorado,8,85,1.7
Tuberculosis,2010,Colorado,8,71,1.4
Tuberculosis,2011,Colorado,8,70,1.4
Tuberculosis,2012,Colorado,8,64,1.2
Tuberculosis,2013,Colorado,8,74,1.4
Tuberculosis,2014,Colorado,8,64,1.2
Tuberculosis,2015,Colorado,8,73,1.3
Tuberculosis,2016,Colorado,8,64,1.2
Tuberculosis,2017,Colorado,8,84,1.5
Tuberculosis,2018,Colorado,8,64,1.1
Tuberculosis,2019,Colorado,8,66,1.1
Tuberculosis,2020 (COVID-19 Pandemic),Colorado,8,52,0.9
Tuberculosis,2021,Colorado,8,58,1
Tuberculosis,2022,Colorado,8,57,1
Tuberculosis,2000,Connecticut,9,105,3.1
Tuberculosis,2001,Connecticut,9,121,3.5
Tuberculosis,2002,Connecticut,9,105,3
Tuberculosis,2003,Connecticut,9,111,3.2
Tuberculosis,2004,Connecticut,9,101,2.9
Tuberculosis,2005,Connecticut,9,96,2.7
Tuberculosis,2006,Connecticut,9,89,2.5
Tuberculosis,2007,Connecticut,9,108,3.1
Tuberculosis,2008,Connecticut,9,98,2.8
Tuberculosis,2009,Connecticut,9,95,2.7
Tuberculosis,2010,Connecticut,9,85,2.4
Tuberculosis,2011,Connecticut,9,83,2.3
Tuberculosis,2012,Connecticut,9,74,2.1
Tuberculosis,2013,Connecticut,9,62,1.7
Tuberculosis,2014,Connecticut,9,60,1.7
Tuberculosis,2015,Connecticut,9,70,2
Tuberculosis,2016,Connecticut,9,52,1.5
Tuberculosis,2017,Connecticut,9,63,1.8
Tuberculosis,2018,Connecticut,9,51,1.4
Tuberculosis,2019,Connecticut,9,67,1.9
Tuberculosis,2020 (COVID-19 Pandemic),Connecticut,9,54,1.5
Tuberculosis,2021,Connecticut,9,54,1.5
Tuberculosis,2022,Connecticut,9,67,1.8
Tuberculosis,2000,Delaware,10,28,3.6
Tuberculosis,2001,Delaware,10,33,4.1
Tuberculosis,2002,Delaware,10,25,3.1
Tuberculosis,2003,Delaware,10,32,3.9
Tuberculosis,2004,Delaware,10,33,4
Tuberculosis,2005,Delaware,10,27,3.2
Tuberculosis,2006,Delaware,10,29,3.4
Tuberculosis,2007,Delaware,10,19,2.2
Tuberculosis,2008,Delaware,10,23,2.6
Tuberculosis,2009,Delaware,10,19,2.1
Tuberculosis,2010,Delaware,10,20,2.2
Tuberculosis,2011,Delaware,10,21,2.3
Tuberculosis,2012,Delaware,10,28,3.1
Tuberculosis,2013,Delaware,10,19,2.1
Tuberculosis,2014,Delaware,10,22,2.4
Tuberculosis,2015,Delaware,10,22,2.3
Tuberculosis,2016,Delaware,10,16,1.7
Tuberculosis,2017,Delaware,10,15,1.6
Tuberculosis,2018,Delaware,10,21,2.2
Tuberculosis,2019,Delaware,10,19,1.9
Tuberculosis,2020 (COVID-19 Pandemic),Delaware,10,17,1.7
Tuberculosis,2021,Delaware,10,41,4.1
Tuberculosis,2022,Delaware,10,13,1.3
Tuberculosis,2000,District of Columbia,11,85,14.9
Tuberculosis,2001,District of Columbia,11,74,12.9
Tuberculosis,2002,District of Columbia,11,82,14.3
Tuberculosis,2003,District of Columbia,11,79,13.9
Tuberculosis,2004,District of Columbia,11,81,14.3
Tuberculosis,2005,District of Columbia,11,55,9.7
Tuberculosis,2006,District of Columbia,11,72,12.6
Tuberculosis,2007,District of Columbia,11,59,10.3
Tuberculosis,2008,District of Columbia,11,54,9.3
Tuberculosis,2009,District of Columbia,11,41,6.9
Tuberculosis,2010,District of Columbia,11,43,7.1
Tuberculosis,2011,District of Columbia,11,57,9.2
Tuberculosis,2012,District of Columbia,11,38,6
Tuberculosis,2013,District of Columbia,11,37,5.7
Tuberculosis,2014,District of Columbia,11,32,4.8
Tuberculosis,2015,District of Columbia,11,33,4.9
Tuberculosis,2016,District of Columbia,11,25,3.6
Tuberculosis,2017,District of Columbia,11,36,5.2
Tuberculosis,2018,District of Columbia,11,36,5.1
Tuberculosis,2019,District of Columbia,11,24,3.4
Tuberculosis,2020 (COVID-19 Pandemic),District of Columbia,11,19,2.8
Tuberculosis,2021,District of Columbia,11,18,2.7
Tuberculosis,2022,District of Columbia,11,15,2.2
Tuberculosis,2000,Florida,12,"1,164",7.3
Tuberculosis,2001,Florida,12,"1,138",7
Tuberculosis,2002,Florida,12,"1,084",6.5
Tuberculosis,2003,Florida,12,"1,041",6.1
Tuberculosis,2004,Florida,12,"1,074",6.2
Tuberculosis,2005,Florida,12,"1,093",6.1
Tuberculosis,2006,Florida,12,"1,032",5.7
Tuberculosis,2007,Florida,12,988,5.4
Tuberculosis,2008,Florida,12,957,5.2
Tuberculosis,2009,Florida,12,822,4.4
Tuberculosis,2010,Florida,12,828,4.4
Tuberculosis,2011,Florida,12,751,3.9
Tuberculosis,2012,Florida,12,675,3.5
Tuberculosis,2013,Florida,12,646,3.3
Tuberculosis,2014,Florida,12,590,3
Tuberculosis,2015,Florida,12,601,3
Tuberculosis,2016,Florida,12,639,3.1
Tuberculosis,2017,Florida,12,549,2.6
Tuberculosis,2018,Florida,12,591,2.8
Tuberculosis,2019,Florida,12,558,2.6
Tuberculosis,2020 (COVID-19 Pandemic),Florida,12,412,1.9
Tuberculosis,2021,Florida,12,500,2.3
Tuberculosis,2022,Florida,12,535,2.4
Tuberculosis,2000,Georgia,13,695,8.4
Tuberculosis,2001,Georgia,13,577,6.9
Tuberculosis,2002,Georgia,13,535,6.3
Tuberculosis,2003,Georgia,13,532,6.2
Tuberculosis,2004,Georgia,13,537,6.1
Tuberculosis,2005,Georgia,13,504,5.6
Tuberculosis,2006,Georgia,13,506,5.5
Tuberculosis,2007,Georgia,13,476,5.1
Tuberculosis,2008,Georgia,13,476,5
Tuberculosis,2009,Georgia,13,411,4.3
Tuberculosis,2010,Georgia,13,411,4.2
Tuberculosis,2011,Georgia,13,347,3.5
Tuberculosis,2012,Georgia,13,358,3.6
Tuberculosis,2013,Georgia,13,339,3.4
Tuberculosis,2014,Georgia,13,334,3.3
Tuberculosis,2015,Georgia,13,318,3.1
Tuberculosis,2016,Georgia,13,302,2.9
Tuberculosis,2017,Georgia,13,293,2.8
Tuberculosis,2018,Georgia,13,270,2.6
Tuberculosis,2019,Georgia,13,302,2.8
Tuberculosis,2020 (COVID-19 Pandemic),Georgia,13,220,2.1
Tuberculosis,2021,Georgia,13,222,2.1
Tuberculosis,2022,Georgia,13,262,2.4
Tuberculosis,2000,Hawaii,15,136,11.2
Tuberculosis,2001,Hawaii,15,150,12.2
Tuberculosis,2002,Hawaii,15,148,11.9
Tuberculosis,2003,Hawaii,15,116,9.3
Tuberculosis,2004,Hawaii,15,116,9.1
Tuberculosis,2005,Hawaii,15,112,8.7
Tuberculosis,2006,Hawaii,15,114,8.7
Tuberculosis,2007,Hawaii,15,122,9.3
Tuberculosis,2008,Hawaii,15,124,9.3
Tuberculosis,2009,Hawaii,15,117,8.7
Tuberculosis,2010,Hawaii,15,115,8.4
Tuberculosis,2011,Hawaii,15,123,8.9
Tuberculosis,2012,Hawaii,15,117,8.4
Tuberculosis,2013,Hawaii,15,115,8.2
Tuberculosis,2014,Hawaii,15,136,9.6
Tuberculosis,2015,Hawaii,15,127,8.9
Tuberculosis,2016,Hawaii,15,119,8.3
Tuberculosis,2017,Hawaii,15,116,8.1
Tuberculosis,2018,Hawaii,15,120,8.4
Tuberculosis,2019,Hawaii,15,99,7
Tuberculosis,2020 (COVID-19 Pandemic),Hawaii,15,92,6.3
Tuberculosis,2021,Hawaii,15,106,7.3
Tuberculosis,2022,Hawaii,15,101,7
Tuberculosis,2000,Idaho,16,16,1.2
Tuberculosis,2001,Idaho,16,9,0.7
Tuberculosis,2002,Idaho,16,14,1
Tuberculosis,2003,Idaho,16,13,1
Tuberculosis,2004,Idaho,16,11,0.8
Tuberculosis,2005,Idaho,16,23,1.6
Tuberculosis,2006,Idaho,16,20,1.4
Tuberculosis,2007,Idaho,16,9,0.6
Tuberculosis,2008,Idaho,16,11,0.7
Tuberculosis,2009,Idaho,16,18,1.2
Tuberculosis,2010,Idaho,16,15,1
Tuberculosis,2011,Idaho,16,12,0.8
Tuberculosis,2012,Idaho,16,15,0.9
Tuberculosis,2013,Idaho,16,11,0.7
Tuberculosis,2014,Idaho,16,11,0.7
Tuberculosis,2015,Idaho,16,11,0.7
Tuberculosis,2016,Idaho,16,18,1.1
Tuberculosis,2017,Idaho,16,10,0.6
Tuberculosis,2018,Idaho,16,15,0.9
Tuberculosis,2019,Idaho,16,7,0.4
Tuberculosis,2020 (COVID-19 Pandemic),Idaho,16,8,0.4
Tuberculosis,2021,Idaho,16,5,0.3
Tuberculosis,2022,Idaho,16,11,0.6
Tuberculosis,2000,Illinois,17,738,5.9
Tuberculosis,2001,Illinois,17,703,5.6
Tuberculosis,2002,Illinois,17,679,5.4
Tuberculosis,2003,Illinois,17,632,5
Tuberculosis,2004,Illinois,17,567,4.5
Tuberculosis,2005,Illinois,17,589,4.7
Tuberculosis,2006,Illinois,17,563,4.5
Tuberculosis,2007,Illinois,17,519,4.1
Tuberculosis,2008,Illinois,17,466,3.7
Tuberculosis,2009,Illinois,17,418,3.3
Tuberculosis,2010,Illinois,17,383,3
Tuberculosis,2011,Illinois,17,358,2.8
Tuberculosis,2012,Illinois,17,346,2.7
Tuberculosis,2013,Illinois,17,327,2.5
Tuberculosis,2014,Illinois,17,319,2.5
Tuberculosis,2015,Illinois,17,343,2.7
Tuberculosis,2016,Illinois,17,341,2.7
Tuberculosis,2017,Illinois,17,334,2.6
Tuberculosis,2018,Illinois,17,319,2.5
Tuberculosis,2019,Illinois,17,326,2.6
Tuberculosis,2020 (COVID-19 Pandemic),Illinois,17,216,1.7
Tuberculosis,2021,Illinois,17,254,2
Tuberculosis,2022,Illinois,17,298,2.4
Tuberculosis,2000,Indiana,18,145,2.4
Tuberculosis,2001,Indiana,18,115,1.9
Tuberculosis,2002,Indiana,18,128,2.1
Tuberculosis,2003,Indiana,18,143,2.3
Tuberculosis,2004,Indiana,18,128,2.1
Tuberculosis,2005,Indiana,18,146,2.3
Tuberculosis,2006,Indiana,18,124,2
Tuberculosis,2007,Indiana,18,128,2
Tuberculosis,2008,Indiana,18,118,1.8
Tuberculosis,2009,Indiana,18,119,1.8
Tuberculosis,2010,Indiana,18,90,1.4
Tuberculosis,2011,Indiana,18,100,1.5
Tuberculosis,2012,Indiana,18,102,1.6
Tuberculosis,2013,Indiana,18,94,1.4
Tuberculosis,2014,Indiana,18,108,1.6
Tuberculosis,2015,Indiana,18,116,1.8
Tuberculosis,2016,Indiana,18,109,1.6
Tuberculosis,2017,Indiana,18,100,1.5
Tuberculosis,2018,Indiana,18,116,1.7
Tuberculosis,2019,Indiana,18,108,1.6
Tuberculosis,2020 (COVID-19 Pandemic),Indiana,18,92,1.4
Tuberculosis,2021,Indiana,18,127,1.9
Tuberculosis,2022,Indiana,18,99,1.4
Tuberculosis,2000,Iowa,19,40,1.4
Tuberculosis,2001,Iowa,19,43,1.5
Tuberculosis,2002,Iowa,19,34,1.2
Tuberculosis,2003,Iowa,19,40,1.4
Tuberculosis,2004,Iowa,19,47,1.6
Tuberculosis,2005,Iowa,19,55,1.9
Tuberculosis,2006,Iowa,19,40,1.3
Tuberculosis,2007,Iowa,19,43,1.4
Tuberculosis,2008,Iowa,19,49,1.6
Tuberculosis,2009,Iowa,19,42,1.4
Tuberculosis,2010,Iowa,19,47,1.5
Tuberculosis,2011,Iowa,19,39,1.3
Tuberculosis,2012,Iowa,19,46,1.5
Tuberculosis,2013,Iowa,19,47,1.5
Tuberculosis,2014,Iowa,19,54,1.7
Tuberculosis,2015,Iowa,19,38,1.2
Tuberculosis,2016,Iowa,19,48,1.5
Tuberculosis,2017,Iowa,19,47,1.5
Tuberculosis,2018,Iowa,19,49,1.6
Tuberculosis,2019,Iowa,19,52,1.6
Tuberculosis,2020 (COVID-19 Pandemic),Iowa,19,39,1.2
Tuberculosis,2021,Iowa,19,49,1.5
Tuberculosis,2022,Iowa,19,60,1.9
Tuberculosis,2000,Kansas,20,77,2.9
Tuberculosis,2001,Kansas,20,81,3
Tuberculosis,2002,Kansas,20,86,3.2
Tuberculosis,2003,Kansas,20,75,2.8
Tuberculosis,2004,Kansas,20,62,2.3
Tuberculosis,2005,Kansas,20,60,2.2
Tuberculosis,2006,Kansas,20,82,3
Tuberculosis,2007,Kansas,20,59,2.1
Tuberculosis,2008,Kansas,20,57,2
Tuberculosis,2009,Kansas,20,64,2.3
Tuberculosis,2010,Kansas,20,46,1.6
Tuberculosis,2011,Kansas,20,36,1.3
Tuberculosis,2012,Kansas,20,42,1.5
Tuberculosis,2013,Kansas,20,36,1.2
Tuberculosis,2014,Kansas,20,40,1.4
Tuberculosis,2015,Kansas,20,36,1.2
Tuberculosis,2016,Kansas,20,39,1.3
Tuberculosis,2017,Kansas,20,28,1
Tuberculosis,2018,Kansas,20,28,1
Tuberculosis,2019,Kansas,20,37,1.3
Tuberculosis,2020 (COVID-19 Pandemic),Kansas,20,37,1.3
Tuberculosis,2021,Kansas,20,43,1.5
Tuberculosis,2022,Kansas,20,52,1.8
Tuberculosis,2000,Kentucky,21,147,3.6
Tuberculosis,2001,Kentucky,21,152,3.7
Tuberculosis,2002,Kentucky,21,146,3.6
Tuberculosis,2003,Kentucky,21,138,3.4
Tuberculosis,2004,Kentucky,21,127,3.1
Tuberculosis,2005,Kentucky,21,124,3
Tuberculosis,2006,Kentucky,21,84,2
Tuberculosis,2007,Kentucky,21,120,2.8
Tuberculosis,2008,Kentucky,21,101,2.4
Tuberculosis,2009,Kentucky,21,75,1.7
Tuberculosis,2010,Kentucky,21,90,2.1
Tuberculosis,2011,Kentucky,21,69,1.6
Tuberculosis,2012,Kentucky,21,78,1.8
Tuberculosis,2013,Kentucky,21,59,1.3
Tuberculosis,2014,Kentucky,21,79,1.8
Tuberculosis,2015,Kentucky,21,67,1.5
Tuberculosis,2016,Kentucky,21,91,2
Tuberculosis,2017,Kentucky,21,65,1.5
Tuberculosis,2018,Kentucky,21,64,1.4
Tuberculosis,2019,Kentucky,21,65,1.5
Tuberculosis,2020 (COVID-19 Pandemic),Kentucky,21,66,1.5
Tuberculosis,2021,Kentucky,21,57,1.3
Tuberculosis,2022,Kentucky,21,70,1.6
Tuberculosis,2000,Louisiana,22,331,7.4
Tuberculosis,2001,Louisiana,22,294,6.6
Tuberculosis,2002,Louisiana,22,230,5.1
Tuberculosis,2003,Louisiana,22,256,5.7
Tuberculosis,2004,Louisiana,22,248,5.4
Tuberculosis,2005,Louisiana,22,266,5.8
Tuberculosis,2006,Louisiana,22,205,4.8
Tuberculosis,2007,Louisiana,22,217,5
Tuberculosis,2008,Louisiana,22,227,5.1
Tuberculosis,2009,Louisiana,22,194,4.3
Tuberculosis,2010,Louisiana,22,200,4.4
Tuberculosis,2011,Louisiana,22,167,3.6
Tuberculosis,2012,Louisiana,22,148,3.2
Tuberculosis,2013,Louisiana,22,139,3
Tuberculosis,2014,Louisiana,22,121,2.6
Tuberculosis,2015,Louisiana,22,119,2.5
Tuberculosis,2016,Louisiana,22,128,2.7
Tuberculosis,2017,Louisiana,22,141,3
Tuberculosis,2018,Louisiana,22,105,2.3
Tuberculosis,2019,Louisiana,22,88,1.9
Tuberculosis,2020 (COVID-19 Pandemic),Louisiana,22,99,2.1
Tuberculosis,2021,Louisiana,22,86,1.9
Tuberculosis,2022,Louisiana,22,95,2.1
Tuberculosis,2000,Maine,23,24,1.9
Tuberculosis,2001,Maine,23,20,1.6
Tuberculosis,2002,Maine,23,23,1.8
Tuberculosis,2003,Maine,23,24,1.8
Tuberculosis,2004,Maine,23,20,1.5
Tuberculosis,2005,Maine,23,17,1.3
Tuberculosis,2006,Maine,23,16,1.2
Tuberculosis,2007,Maine,23,19,1.4
Tuberculosis,2008,Maine,23,9,0.7
Tuberculosis,2009,Maine,23,9,0.7
Tuberculosis,2010,Maine,23,8,0.6
Tuberculosis,2011,Maine,23,9,0.7
Tuberculosis,2012,Maine,23,17,1.3
Tuberculosis,2013,Maine,23,15,1.1
Tuberculosis,2014,Maine,23,14,1.1
Tuberculosis,2015,Maine,23,18,1.4
Tuberculosis,2016,Maine,23,23,1.7
Tuberculosis,2017,Maine,23,14,1
Tuberculosis,2018,Maine,23,14,1
Tuberculosis,2019,Maine,23,18,1.3
Tuberculosis,2020 (COVID-19 Pandemic),Maine,23,17,1.2
Tuberculosis,2021,Maine,23,14,1
Tuberculosis,2022,Maine,23,17,1.2
Tuberculosis,2000,Maryland,24,283,5.3
Tuberculosis,2001,Maryland,24,262,4.9
Tuberculosis,2002,Maryland,24,306,5.6
Tuberculosis,2003,Maryland,24,269,4.9
Tuberculosis,2004,Maryland,24,313,5.6
Tuberculosis,2005,Maryland,24,283,5.1
Tuberculosis,2006,Maryland,24,252,4.5
Tuberculosis,2007,Maryland,24,271,4.8
Tuberculosis,2008,Maryland,24,278,4.9
Tuberculosis,2009,Maryland,24,218,3.8
Tuberculosis,2010,Maryland,24,220,3.8
Tuberculosis,2011,Maryland,24,232,4
Tuberculosis,2012,Maryland,24,223,3.8
Tuberculosis,2013,Maryland,24,175,3
Tuberculosis,2014,Maryland,24,197,3.3
Tuberculosis,2015,Maryland,24,176,2.9
Tuberculosis,2016,Maryland,24,221,3.7
Tuberculosis,2017,Maryland,24,207,3.4
Tuberculosis,2018,Maryland,24,208,3.4
Tuberculosis,2019,Maryland,24,209,3.5
Tuberculosis,2020 (COVID-19 Pandemic),Maryland,24,149,2.4
Tuberculosis,2021,Maryland,24,193,3.1
Tuberculosis,2022,Maryland,24,157,2.5
Tuberculosis,2000,Massachusetts,25,285,4.5
Tuberculosis,2001,Massachusetts,25,270,4.2
Tuberculosis,2002,Massachusetts,25,271,4.2
Tuberculosis,2003,Massachusetts,25,261,4.1
Tuberculosis,2004,Massachusetts,25,283,4.4
Tuberculosis,2005,Massachusetts,25,266,4.2
Tuberculosis,2006,Massachusetts,25,259,4
Tuberculosis,2007,Massachusetts,25,224,3.5
Tuberculosis,2008,Massachusetts,25,261,4
Tuberculosis,2009,Massachusetts,25,236,3.6
Tuberculosis,2010,Massachusetts,25,149,2.3
Tuberculosis,2011,Massachusetts,25,190,2.9
Tuberculosis,2012,Massachusetts,25,214,3.2
Tuberculosis,2013,Massachusetts,25,195,2.9
Tuberculosis,2014,Massachusetts,25,197,2.9
Tuberculosis,2015,Massachusetts,25,192,2.8
Tuberculosis,2016,Massachusetts,25,190,2.8
Tuberculosis,2017,Massachusetts,25,209,3
Tuberculosis,2018,Massachusetts,25,200,2.9
Tuberculosis,2019,Massachusetts,25,178,2.6
Tuberculosis,2020 (COVID-19 Pandemic),Massachusetts,25,142,2
Tuberculosis,2021,Massachusetts,25,151,2.2
Tuberculosis,2022,Massachusetts,25,153,2.2
Tuberculosis,2000,Michigan,26,287,2.9
Tuberculosis,2001,Michigan,26,329,3.3
Tuberculosis,2002,Michigan,26,315,3.1
Tuberculosis,2003,Michigan,26,243,2.4
Tuberculosis,2004,Michigan,26,272,2.7
Tuberculosis,2005,Michigan,26,245,2.4
Tuberculosis,2006,Michigan,26,221,2.2
Tuberculosis,2007,Michigan,26,226,2.3
Tuberculosis,2008,Michigan,26,188,1.9
Tuberculosis,2009,Michigan,26,144,1.5
Tuberculosis,2010,Michigan,26,182,1.8
Tuberculosis,2011,Michigan,26,169,1.7
Tuberculosis,2012,Michigan,26,150,1.5
Tuberculosis,2013,Michigan,26,141,1.4
Tuberculosis,2014,Michigan,26,105,1.1
Tuberculosis,2015,Michigan,26,131,1.3
Tuberculosis,2016,Michigan,26,133,1.3
Tuberculosis,2017,Michigan,26,133,1.3
Tuberculosis,2018,Michigan,26,108,1.1
Tuberculosis,2019,Michigan,26,131,1.3
Tuberculosis,2020 (COVID-19 Pandemic),Michigan,26,101,1
Tuberculosis,2021,Michigan,26,137,1.4
Tuberculosis,2022,Michigan,26,120,1.2
Tuberculosis,2000,Minnesota,27,178,3.6
Tuberculosis,2001,Minnesota,27,239,4.8
Tuberculosis,2002,Minnesota,27,237,4.7
Tuberculosis,2003,Minnesota,27,214,4.2
Tuberculosis,2004,Minnesota,27,199,3.9
Tuberculosis,2005,Minnesota,27,199,3.9
Tuberculosis,2006,Minnesota,27,217,4.2
Tuberculosis,2007,Minnesota,27,238,4.6
Tuberculosis,2008,Minnesota,27,211,4
Tuberculosis,2009,Minnesota,27,161,3
Tuberculosis,2010,Minnesota,27,135,2.5
Tuberculosis,2011,Minnesota,27,137,2.6
Tuberculosis,2012,Minnesota,27,162,3
Tuberculosis,2013,Minnesota,27,151,2.8
Tuberculosis,2014,Minnesota,27,147,2.7
Tuberculosis,2015,Minnesota,27,150,2.7
Tuberculosis,2016,Minnesota,27,168,3
Tuberculosis,2017,Minnesota,27,178,3.2
Tuberculosis,2018,Minnesota,27,172,3.1
Tuberculosis,2019,Minnesota,27,148,2.6
Tuberculosis,2020 (COVID-19 Pandemic),Minnesota,27,117,2
Tuberculosis,2021,Minnesota,27,134,2.3
Tuberculosis,2022,Minnesota,27,132,2.3
Tuberculosis,2000,Mississippi,28,173,6.1
Tuberculosis,2001,Mississippi,28,154,5.4
Tuberculosis,2002,Mississippi,28,134,4.7
Tuberculosis,2003,Mississippi,28,129,4.5
Tuberculosis,2004,Mississippi,28,119,4.1
Tuberculosis,2005,Mississippi,28,103,3.5
Tuberculosis,2006,Mississippi,28,115,4
Tuberculosis,2007,Mississippi,28,137,4.7
Tuberculosis,2008,Mississippi,28,117,4
Tuberculosis,2009,Mississippi,28,121,4.1
Tuberculosis,2010,Mississippi,28,116,3.9
Tuberculosis,2011,Mississippi,28,91,3.1
Tuberculosis,2012,Mississippi,28,81,2.7
Tuberculosis,2013,Mississippi,28,65,2.2
Tuberculosis,2014,Mississippi,28,74,2.5
Tuberculosis,2015,Mississippi,28,73,2.4
Tuberculosis,2016,Mississippi,28,60,2
Tuberculosis,2017,Mississippi,28,51,1.7
Tuberculosis,2018,Mississippi,28,80,2.7
Tuberculosis,2019,Mississippi,28,57,1.9
Tuberculosis,2020 (COVID-19 Pandemic),Mississippi,28,43,1.5
Tuberculosis,2021,Mississippi,28,46,1.6
Tuberculosis,2022,Mississippi,28,54,1.8
Tuberculosis,2000,Missouri,29,210,3.7
Tuberculosis,2001,Missouri,29,156,2.8
Tuberculosis,2002,Missouri,29,136,2.4
Tuberculosis,2003,Missouri,29,130,2.3
Tuberculosis,2004,Missouri,29,127,2.2
Tuberculosis,2005,Missouri,29,108,1.9
Tuberculosis,2006,Missouri,29,104,1.8
Tuberculosis,2007,Missouri,29,118,2
Tuberculosis,2008,Missouri,29,107,1.8
Tuberculosis,2009,Missouri,29,77,1.3
Tuberculosis,2010,Missouri,29,98,1.6
Tuberculosis,2011,Missouri,29,82,1.4
Tuberculosis,2012,Missouri,29,70,1.2
Tuberculosis,2013,Missouri,29,74,1.2
Tuberculosis,2014,Missouri,29,76,1.3
Tuberculosis,2015,Missouri,29,92,1.5
Tuberculosis,2016,Missouri,29,101,1.7
Tuberculosis,2017,Missouri,29,87,1.4
Tuberculosis,2018,Missouri,29,80,1.3
Tuberculosis,2019,Missouri,29,70,1.1
Tuberculosis,2020 (COVID-19 Pandemic),Missouri,29,79,1.3
Tuberculosis,2021,Missouri,29,77,1.2
Tuberculosis,2022,Missouri,29,69,1.1
Tuberculosis,2000,Montana,30,21,2.3
Tuberculosis,2001,Montana,30,20,2.2
Tuberculosis,2002,Montana,30,12,1.3
Tuberculosis,2003,Montana,30,7,0.8
Tuberculosis,2004,Montana,30,15,1.6
Tuberculosis,2005,Montana,30,10,1.1
Tuberculosis,2006,Montana,30,13,1.4
Tuberculosis,2007,Montana,30,11,1.1
Tuberculosis,2008,Montana,30,9,0.9
Tuberculosis,2009,Montana,30,8,0.8
Tuberculosis,2010,Montana,30,6,0.6
Tuberculosis,2011,Montana,30,8,0.8
Tuberculosis,2012,Montana,30,5,0.5
Tuberculosis,2013,Montana,30,6,0.6
Tuberculosis,2014,Montana,30,6,0.6
Tuberculosis,2015,Montana,30,9,0.9
Tuberculosis,2016,Montana,30,4,0.4
Tuberculosis,2017,Montana,30,3,0.3
Tuberculosis,2018,Montana,30,5,0.5
Tuberculosis,2019,Montana,30,2,0.2
Tuberculosis,2020 (COVID-19 Pandemic),Montana,30,4,0.4
Tuberculosis,2021,Montana,30,3,0.3
Tuberculosis,2022,Montana,30,6,0.5
Tuberculosis,2000,Nebraska,31,24,1.4
Tuberculosis,2001,Nebraska,31,40,2.3
Tuberculosis,2002,Nebraska,31,28,1.6
Tuberculosis,2003,Nebraska,31,28,1.6
Tuberculosis,2004,Nebraska,31,39,2.2
Tuberculosis,2005,Nebraska,31,35,2
Tuberculosis,2006,Nebraska,31,25,1.4
Tuberculosis,2007,Nebraska,31,25,1.4
Tuberculosis,2008,Nebraska,31,33,1.8
Tuberculosis,2009,Nebraska,31,32,1.8
Tuberculosis,2010,Nebraska,31,27,1.5
Tuberculosis,2011,Nebraska,31,23,1.2
Tuberculosis,2012,Nebraska,31,22,1.2
Tuberculosis,2013,Nebraska,31,21,1.1
Tuberculosis,2014,Nebraska,31,38,2
Tuberculosis,2015,Nebraska,31,33,1.7
Tuberculosis,2016,Nebraska,31,28,1.5
Tuberculosis,2017,Nebraska,31,22,1.1
Tuberculosis,2018,Nebraska,31,27,1.4
Tuberculosis,2019,Nebraska,31,17,0.9
Tuberculosis,2020 (COVID-19 Pandemic),Nebraska,31,33,1.7
Tuberculosis,2021,Nebraska,31,22,1.1
Tuberculosis,2022,Nebraska,31,29,1.5
Tuberculosis,2000,Nevada,32,96,4.8
Tuberculosis,2001,Nevada,32,96,4.6
Tuberculosis,2002,Nevada,32,85,3.9
Tuberculosis,2003,Nevada,32,106,4.7
Tuberculosis,2004,Nevada,32,95,4
Tuberculosis,2005,Nevada,32,112,4.6
Tuberculosis,2006,Nevada,32,101,4
Tuberculosis,2007,Nevada,32,102,3.9
Tuberculosis,2008,Nevada,32,102,3.8
Tuberculosis,2009,Nevada,32,106,3.9
Tuberculosis,2010,Nevada,32,114,4.2
Tuberculosis,2011,Nevada,32,96,3.5
Tuberculosis,2012,Nevada,32,83,3
Tuberculosis,2013,Nevada,32,91,3.3
Tuberculosis,2014,Nevada,32,74,2.6
Tuberculosis,2015,Nevada,32,85,3
Tuberculosis,2016,Nevada,32,55,1.9
Tuberculosis,2017,Nevada,32,80,2.7
Tuberculosis,2018,Nevada,32,69,2.3
Tuberculosis,2019,Nevada,32,53,1.7
Tuberculosis,2020 (COVID-19 Pandemic),Nevada,32,57,1.8
Tuberculosis,2021,Nevada,32,61,1.9
Tuberculosis,2022,Nevada,32,62,2
Tuberculosis,2000,New Hampshire,33,22,1.8
Tuberculosis,2001,New Hampshire,33,20,1.6
Tuberculosis,2002,New Hampshire,33,19,1.5
Tuberculosis,2003,New Hampshire,33,15,1.2
Tuberculosis,2004,New Hampshire,33,24,1.9
Tuberculosis,2005,New Hampshire,33,4,0.3
Tuberculosis,2006,New Hampshire,33,17,1.3
Tuberculosis,2007,New Hampshire,33,11,0.8
Tuberculosis,2008,New Hampshire,33,19,1.4
Tuberculosis,2009,New Hampshire,33,16,1.2
Tuberculosis,2010,New Hampshire,33,10,0.8
Tuberculosis,2011,New Hampshire,33,11,0.8
Tuberculosis,2012,New Hampshire,33,9,0.7
Tuberculosis,2013,New Hampshire,33,15,1.1
Tuberculosis,2014,New Hampshire,33,11,0.8
Tuberculosis,2015,New Hampshire,33,13,1
Tuberculosis,2016,New Hampshire,33,15,1.1
Tuberculosis,2017,New Hampshire,33,19,1.4
Tuberculosis,2018,New Hampshire,33,12,0.9
Tuberculosis,2019,New Hampshire,33,6,0.4
Tuberculosis,2020 (COVID-19 Pandemic),New Hampshire,33,12,0.9
Tuberculosis,2021,New Hampshire,33,12,0.9
Tuberculosis,2022,New Hampshire,33,11,0.8
Tuberculosis,2000,New Jersey,34,565,6.7
Tuberculosis,2001,New Jersey,34,530,6.2
Tuberculosis,2002,New Jersey,34,530,6.2
Tuberculosis,2003,New Jersey,34,495,5.8
Tuberculosis,2004,New Jersey,34,482,5.6
Tuberculosis,2005,New Jersey,34,485,5.6
Tuberculosis,2006,New Jersey,34,508,5.9
Tuberculosis,2007,New Jersey,34,467,5.4
Tuberculosis,2008,New Jersey,34,422,4.8
Tuberculosis,2009,New Jersey,34,405,4.6
Tuberculosis,2010,New Jersey,34,404,4.6
Tuberculosis,2011,New Jersey,34,329,3.7
Tuberculosis,2012,New Jersey,34,302,3.4
Tuberculosis,2013,New Jersey,34,319,3.6
Tuberculosis,2014,New Jersey,34,306,3.5
Tuberculosis,2015,New Jersey,34,325,3.7
Tuberculosis,2016,New Jersey,34,294,3.3
Tuberculosis,2017,New Jersey,34,283,3.2
Tuberculosis,2018,New Jersey,34,290,3.3
Tuberculosis,2019,New Jersey,34,309,3.5
Tuberculosis,2020 (COVID-19 Pandemic),New Jersey,34,245,2.6
Tuberculosis,2021,New Jersey,34,289,3.1
Tuberculosis,2022,New Jersey,34,289,3.1
Tuberculosis,2000,New Mexico,35,46,2.5
Tuberculosis,2001,New Mexico,35,54,2.9
Tuberculosis,2002,New Mexico,35,57,3.1
Tuberculosis,2003,New Mexico,35,49,2.6
Tuberculosis,2004,New Mexico,35,42,2.2
Tuberculosis,2005,New Mexico,35,39,2
Tuberculosis,2006,New Mexico,35,48,2.4
Tuberculosis,2007,New Mexico,35,51,2.6
Tuberculosis,2008,New Mexico,35,59,2.9
Tuberculosis,2009,New Mexico,35,48,2.4
Tuberculosis,2010,New Mexico,35,50,2.4
Tuberculosis,2011,New Mexico,35,49,2.4
Tuberculosis,2012,New Mexico,35,40,1.9
Tuberculosis,2013,New Mexico,35,50,2.4
Tuberculosis,2014,New Mexico,35,50,2.4
Tuberculosis,2015,New Mexico,35,47,2.2
Tuberculosis,2016,New Mexico,35,38,1.8
Tuberculosis,2017,New Mexico,35,37,1.8
Tuberculosis,2018,New Mexico,35,39,1.9
Tuberculosis,2019,New Mexico,35,41,2
Tuberculosis,2020 (COVID-19 Pandemic),New Mexico,35,29,1.4
Tuberculosis,2021,New Mexico,35,24,1.1
Tuberculosis,2022,New Mexico,35,30,1.4
Tuberculosis,2000,New York,36,"1,718",9
Tuberculosis,2001,New York,36,"1,645",8.6
Tuberculosis,2002,New York,36,"1,418",7.4
Tuberculosis,2003,New York,36,"1,471",7.7
Tuberculosis,2004,New York,36,"1,359",7.1
Tuberculosis,2005,New York,36,"1,283",6.7
Tuberculosis,2006,New York,36,"1,263",6.6
Tuberculosis,2007,New York,36,"1,169",6.1
Tuberculosis,2008,New York,36,"1,190",6.2
Tuberculosis,2009,New York,36,"1,003",5.2
Tuberculosis,2010,New York,36,948,4.9
Tuberculosis,2011,New York,36,904,4.6
Tuberculosis,2012,New York,36,865,4.4
Tuberculosis,2013,New York,36,865,4.4
Tuberculosis,2014,New York,36,784,4
Tuberculosis,2015,New York,36,763,3.9
Tuberculosis,2016,New York,36,758,3.9
Tuberculosis,2017,New York,36,801,4.1
Tuberculosis,2018,New York,36,744,3.8
Tuberculosis,2019,New York,36,746,3.8
Tuberculosis,2020 (COVID-19 Pandemic),New York,36,605,3
Tuberculosis,2021,New York,36,683,3.4
Tuberculosis,2022,New York,36,714,3.6
Tuberculosis,2000,North Carolina,37,447,5.5
Tuberculosis,2001,North Carolina,37,397,4.8
Tuberculosis,2002,North Carolina,37,434,5.2
Tuberculosis,2003,North Carolina,37,374,4.4
Tuberculosis,2004,North Carolina,37,381,4.5
Tuberculosis,2005,North Carolina,37,329,3.8
Tuberculosis,2006,North Carolina,37,375,4.2
Tuberculosis,2007,North Carolina,37,345,3.8
Tuberculosis,2008,North Carolina,37,335,3.6
Tuberculosis,2009,North Carolina,37,250,2.6
Tuberculosis,2010,North Carolina,37,294,3.1
Tuberculosis,2011,North Carolina,37,243,2.5
Tuberculosis,2012,North Carolina,37,211,2.2
Tuberculosis,2013,North Carolina,37,216,2.2
Tuberculosis,2014,North Carolina,37,195,2
Tuberculosis,2015,North Carolina,37,199,2
Tuberculosis,2016,North Carolina,37,219,2.2
Tuberculosis,2017,North Carolina,37,213,2.1
Tuberculosis,2018,North Carolina,37,196,1.9
Tuberculosis,2019,North Carolina,37,185,1.8
Tuberculosis,2020 (COVID-19 Pandemic),North Carolina,37,159,1.5
Tuberculosis,2021,North Carolina,37,178,1.7
Tuberculosis,2022,North Carolina,37,163,1.5
Tuberculosis,2000,North Dakota,38,5,0.8
Tuberculosis,2001,North Dakota,38,6,0.9
Tuberculosis,2002,North Dakota,38,6,0.9
Tuberculosis,2003,North Dakota,38,6,0.9
Tuberculosis,2004,North Dakota,38,4,0.6
Tuberculosis,2005,North Dakota,38,6,0.9
Tuberculosis,2006,North Dakota,38,10,1.5
Tuberculosis,2007,North Dakota,38,7,1.1
Tuberculosis,2008,North Dakota,38,0,0
Tuberculosis,2009,North Dakota,38,5,0.8
Tuberculosis,2010,North Dakota,38,9,1.3
Tuberculosis,2011,North Dakota,38,6,0.9
Tuberculosis,2012,North Dakota,38,26,3.7
Tuberculosis,2013,North Dakota,38,12,1.7
Tuberculosis,2014,North Dakota,38,15,2
Tuberculosis,2015,North Dakota,38,9,1.2
Tuberculosis,2016,North Dakota,38,22,2.9
Tuberculosis,2017,North Dakota,38,14,1.9
Tuberculosis,2018,North Dakota,38,13,1.7
Tuberculosis,2019,North Dakota,38,18,2.4
Tuberculosis,2020 (COVID-19 Pandemic),North Dakota,38,10,1.3
Tuberculosis,2021,North Dakota,38,15,1.9
Tuberculosis,2022,North Dakota,38,10,1.3
Tuberculosis,2000,Ohio,39,338,3
Tuberculosis,2001,Ohio,39,306,2.7
Tuberculosis,2002,Ohio,39,257,2.3
Tuberculosis,2003,Ohio,39,229,2
Tuberculosis,2004,Ohio,39,219,1.9
Tuberculosis,2005,Ohio,39,260,2.3
Tuberculosis,2006,Ohio,39,239,2.1
Tuberculosis,2007,Ohio,39,251,2.2
Tuberculosis,2008,Ohio,39,213,1.8
Tuberculosis,2009,Ohio,39,180,1.6
Tuberculosis,2010,Ohio,39,190,1.6
Tuberculosis,2011,Ohio,39,145,1.3
Tuberculosis,2012,Ohio,39,149,1.3
Tuberculosis,2013,Ohio,39,148,1.3
Tuberculosis,2014,Ohio,39,156,1.3
Tuberculosis,2015,Ohio,39,143,1.2
Tuberculosis,2016,Ohio,39,142,1.2
Tuberculosis,2017,Ohio,39,148,1.3
Tuberculosis,2018,Ohio,39,178,1.5
Tuberculosis,2019,Ohio,39,149,1.3
Tuberculosis,2020 (COVID-19 Pandemic),Ohio,39,132,1.1
Tuberculosis,2021,Ohio,39,151,1.3
Tuberculosis,2022,Ohio,39,146,1.2
Tuberculosis,2000,Oklahoma,40,153,4.4
Tuberculosis,2001,Oklahoma,40,193,5.6
Tuberculosis,2002,Oklahoma,40,190,5.4
Tuberculosis,2003,Oklahoma,40,163,4.7
Tuberculosis,2004,Oklahoma,40,178,5
Tuberculosis,2005,Oklahoma,40,144,4.1
Tuberculosis,2006,Oklahoma,40,144,4
Tuberculosis,2007,Oklahoma,40,149,4.1
Tuberculosis,2008,Oklahoma,40,100,2.7
Tuberculosis,2009,Oklahoma,40,102,2.7
Tuberculosis,2010,Oklahoma,40,86,2.3
Tuberculosis,2011,Oklahoma,40,94,2.5
Tuberculosis,2012,Oklahoma,40,88,2.3
Tuberculosis,2013,Oklahoma,40,70,1.8
Tuberculosis,2014,Oklahoma,40,59,1.5
Tuberculosis,2015,Oklahoma,40,67,1.7
Tuberculosis,2016,Oklahoma,40,78,2
Tuberculosis,2017,Oklahoma,40,54,1.4
Tuberculosis,2018,Oklahoma,40,74,1.9
Tuberculosis,2019,Oklahoma,40,73,1.8
Tuberculosis,2020 (COVID-19 Pandemic),Oklahoma,40,67,1.7
Tuberculosis,2021,Oklahoma,40,69,1.7
Tuberculosis,2022,Oklahoma,40,80,2
Tuberculosis,2000,Oregon,41,119,3.5
Tuberculosis,2001,Oregon,41,123,3.5
Tuberculosis,2002,Oregon,41,111,3.2
Tuberculosis,2003,Oregon,41,107,3
Tuberculosis,2004,Oregon,41,107,3
Tuberculosis,2005,Oregon,41,103,2.9
Tuberculosis,2006,Oregon,41,81,2.2
Tuberculosis,2007,Oregon,41,94,2.5
Tuberculosis,2008,Oregon,41,75,2
Tuberculosis,2009,Oregon,41,89,2.3
Tuberculosis,2010,Oregon,41,81,2.1
Tuberculosis,2011,Oregon,41,72,1.9
Tuberculosis,2012,Oregon,41,59,1.5
Tuberculosis,2013,Oregon,41,67,1.7
Tuberculosis,2014,Oregon,41,77,1.9
Tuberculosis,2015,Oregon,41,75,1.9
Tuberculosis,2016,Oregon,41,69,1.7
Tuberculosis,2017,Oregon,41,69,1.7
Tuberculosis,2018,Oregon,41,81,1.9
Tuberculosis,2019,Oregon,41,70,1.7
Tuberculosis,2020 (COVID-19 Pandemic),Oregon,41,67,1.6
Tuberculosis,2021,Oregon,41,79,1.9
Tuberculosis,2022,Oregon,41,73,1.7
Tuberculosis,2000,Pennsylvania,42,383,3.1
Tuberculosis,2001,Pennsylvania,42,349,2.8
Tuberculosis,2002,Pennsylvania,42,353,2.9
Tuberculosis,2003,Pennsylvania,42,336,2.7
Tuberculosis,2004,Pennsylvania,42,328,2.6
Tuberculosis,2005,Pennsylvania,42,320,2.6
Tuberculosis,2006,Pennsylvania,42,337,2.7
Tuberculosis,2007,Pennsylvania,42,275,2.2
Tuberculosis,2008,Pennsylvania,42,387,3.1
Tuberculosis,2009,Pennsylvania,42,236,1.9
Tuberculosis,2010,Pennsylvania,42,238,1.9
Tuberculosis,2011,Pennsylvania,42,260,2
Tuberculosis,2012,Pennsylvania,42,233,1.8
Tuberculosis,2013,Pennsylvania,42,213,1.7
Tuberculosis,2014,Pennsylvania,42,206,1.6
Tuberculosis,2015,Pennsylvania,42,200,1.6
Tuberculosis,2016,Pennsylvania,42,169,1.3
Tuberculosis,2017,Pennsylvania,42,192,1.5
Tuberculosis,2018,Pennsylvania,42,212,1.7
Tuberculosis,2019,Pennsylvania,42,198,1.5
Tuberculosis,2020 (COVID-19 Pandemic),Pennsylvania,42,157,1.2
Tuberculosis,2021,Pennsylvania,42,166,1.3
Tuberculosis,2022,Pennsylvania,42,173,1.3
Tuberculosis,2000,Rhode Island,44,49,4.7
Tuberculosis,2001,Rhode Island,44,60,5.7
Tuberculosis,2002,Rhode Island,44,49,4.6
Tuberculosis,2003,Rhode Island,44,46,4.3
Tuberculosis,2004,Rhode Island,44,51,4.7
Tuberculosis,2005,Rhode Island,44,47,4.4
Tuberculosis,2006,Rhode Island,44,26,2.4
Tuberculosis,2007,Rhode Island,44,45,4.3
Tuberculosis,2008,Rhode Island,44,36,3.4
Tuberculosis,2009,Rhode Island,44,24,2.3
Tuberculosis,2010,Rhode Island,44,26,2.5
Tuberculosis,2011,Rhode Island,44,27,2.6
Tuberculosis,2012,Rhode Island,44,23,2.2
Tuberculosis,2013,Rhode Island,44,27,2.6
Tuberculosis,2014,Rhode Island,44,21,2
Tuberculosis,2015,Rhode Island,44,30,2.8
Tuberculosis,2016,Rhode Island,44,12,1.1
Tuberculosis,2017,Rhode Island,44,13,1.2
Tuberculosis,2018,Rhode Island,44,19,1.8
Tuberculosis,2019,Rhode Island,44,14,1.3
Tuberculosis,2020 (COVID-19 Pandemic),Rhode Island,44,7,0.6
Tuberculosis,2021,Rhode Island,44,17,1.5
Tuberculosis,2022,Rhode Island,44,17,1.6
Tuberculosis,2000,South Carolina,45,286,7.1
Tuberculosis,2001,South Carolina,45,263,6.5
Tuberculosis,2002,South Carolina,45,256,6.2
Tuberculosis,2003,South Carolina,45,254,6.1
Tuberculosis,2004,South Carolina,45,233,5.5
Tuberculosis,2005,South Carolina,45,261,6.1
Tuberculosis,2006,South Carolina,45,222,5.1
Tuberculosis,2007,South Carolina,45,218,4.9
Tuberculosis,2008,South Carolina,45,188,4.2
Tuberculosis,2009,South Carolina,45,164,3.6
Tuberculosis,2010,South Carolina,45,153,3.3
Tuberculosis,2011,South Carolina,45,139,3
Tuberculosis,2012,South Carolina,45,122,2.6
Tuberculosis,2013,South Carolina,45,112,2.3
Tuberculosis,2014,South Carolina,45,79,1.6
Tuberculosis,2015,South Carolina,45,104,2.1
Tuberculosis,2016,South Carolina,45,102,2.1
Tuberculosis,2017,South Carolina,45,101,2
Tuberculosis,2018,South Carolina,45,86,1.7
Tuberculosis,2019,South Carolina,45,80,1.6
Tuberculosis,2020 (COVID-19 Pandemic),South Carolina,45,67,1.3
Tuberculosis,2021,South Carolina,45,87,1.7
Tuberculosis,2022,South Carolina,45,101,1.9
Tuberculosis,2000,South Dakota,46,16,2.1
Tuberculosis,2001,South Dakota,46,13,1.7
Tuberculosis,2002,South Dakota,46,13,1.7
Tuberculosis,2003,South Dakota,46,20,2.6
Tuberculosis,2004,South Dakota,46,11,1.4
Tuberculosis,2005,South Dakota,46,16,2.1
Tuberculosis,2006,South Dakota,46,14,1.8
Tuberculosis,2007,South Dakota,46,13,1.6
Tuberculosis,2008,South Dakota,46,16,2
Tuberculosis,2009,South Dakota,46,18,2.2
Tuberculosis,2010,South Dakota,46,15,1.8
Tuberculosis,2011,South Dakota,46,15,1.8
Tuberculosis,2012,South Dakota,46,19,2.3
Tuberculosis,2013,South Dakota,46,9,1.1
Tuberculosis,2014,South Dakota,46,7,0.8
Tuberculosis,2015,South Dakota,46,17,2
Tuberculosis,2016,South Dakota,46,12,1.4
Tuberculosis,2017,South Dakota,46,14,1.6
Tuberculosis,2018,South Dakota,46,12,1.4
Tuberculosis,2019,South Dakota,46,16,1.8
Tuberculosis,2020 (COVID-19 Pandemic),South Dakota,46,16,1.8
Tuberculosis,2021,South Dakota,46,12,1.3
Tuberculosis,2022,South Dakota,46,10,1.1
Tuberculosis,2000,Tennessee,47,382,6.7
Tuberculosis,2001,Tennessee,47,313,5.4
Tuberculosis,2002,Tennessee,47,308,5.3
Tuberculosis,2003,Tennessee,47,286,4.9
Tuberculosis,2004,Tennessee,47,278,4.7
Tuberculosis,2005,Tennessee,47,299,5
Tuberculosis,2006,Tennessee,47,277,4.5
Tuberculosis,2007,Tennessee,47,235,3.8
Tuberculosis,2008,Tennessee,47,282,4.5
Tuberculosis,2009,Tennessee,47,202,3.2
Tuberculosis,2010,Tennessee,47,193,3
Tuberculosis,2011,Tennessee,47,156,2.4
Tuberculosis,2012,Tennessee,47,163,2.5
Tuberculosis,2013,Tennessee,47,143,2.2
Tuberculosis,2014,Tennessee,47,151,2.3
Tuberculosis,2015,Tennessee,47,131,2
Tuberculosis,2016,Tennessee,47,103,1.5
Tuberculosis,2017,Tennessee,47,124,1.8
Tuberculosis,2018,Tennessee,47,139,2.1
Tuberculosis,2019,Tennessee,47,129,1.9
Tuberculosis,2020 (COVID-19 Pandemic),Tennessee,47,113,1.6
Tuberculosis,2021,Tennessee,47,84,1.2
Tuberculosis,2022,Tennessee,47,106,1.5
Tuberculosis,2000,Texas,48,"1,496",7.1
Tuberculosis,2001,Texas,48,"1,631",7.7
Tuberculosis,2002,Texas,48,"1,538",7.1
Tuberculosis,2003,Texas,48,"1,579",7.2
Tuberculosis,2004,Texas,48,"1,670",7.5
Tuberculosis,2005,Texas,48,"1,525",6.7
Tuberculosis,2006,Texas,48,"1,566",6.7
Tuberculosis,2007,Texas,48,"1,504",6.3
Tuberculosis,2008,Texas,48,"1,500",6.2
Tuberculosis,2009,Texas,48,"1,494",6
Tuberculosis,2010,Texas,48,"1,378",5.5
Tuberculosis,2011,Texas,48,"1,316",5.1
Tuberculosis,2012,Texas,48,"1,232",4.7
Tuberculosis,2013,Texas,48,"1,220",4.6
Tuberculosis,2014,Texas,48,"1,267",4.7
Tuberculosis,2015,Texas,48,"1,330",4.8
Tuberculosis,2016,Texas,48,"1,237",4.4
Tuberculosis,2017,Texas,48,"1,109",3.9
Tuberculosis,2018,Texas,48,"1,114",3.9
Tuberculosis,2019,Texas,48,"1,154",4
Tuberculosis,2020 (COVID-19 Pandemic),Texas,48,879,3
Tuberculosis,2021,Texas,48,996,3.4
Tuberculosis,2022,Texas,48,"1,098",3.7
Tuberculosis,2000,Utah,49,49,2.2
Tuberculosis,2001,Utah,49,35,1.5
Tuberculosis,2002,Utah,49,31,1.3
Tuberculosis,2003,Utah,49,39,1.7
Tuberculosis,2004,Utah,49,36,1.5
Tuberculosis,2005,Utah,49,29,1.2
Tuberculosis,2006,Utah,49,34,1.3
Tuberculosis,2007,Utah,49,39,1.5
Tuberculosis,2008,Utah,49,27,1
Tuberculosis,2009,Utah,49,37,1.4
Tuberculosis,2010,Utah,49,20,0.7
Tuberculosis,2011,Utah,49,34,1.2
Tuberculosis,2012,Utah,49,37,1.3
Tuberculosis,2013,Utah,49,33,1.1
Tuberculosis,2014,Utah,49,31,1.1
Tuberculosis,2015,Utah,49,37,1.2
Tuberculosis,2016,Utah,49,20,0.7
Tuberculosis,2017,Utah,49,29,0.9
Tuberculosis,2018,Utah,49,18,0.6
Tuberculosis,2019,Utah,49,27,0.8
Tuberculosis,2020 (COVID-19 Pandemic),Utah,49,29,0.9
Tuberculosis,2021,Utah,49,17,0.5
Tuberculosis,2022,Utah,49,33,1
Tuberculosis,2000,Vermont,50,4,0.7
Tuberculosis,2001,Vermont,50,7,1.1
Tuberculosis,2002,Vermont,50,8,1.3
Tuberculosis,2003,Vermont,50,8,1.3
Tuberculosis,2004,Vermont,50,6,1
Tuberculosis,2005,Vermont,50,8,1.3
Tuberculosis,2006,Vermont,50,8,1.3
Tuberculosis,2007,Vermont,50,3,0.5
Tuberculosis,2008,Vermont,50,6,1
Tuberculosis,2009,Vermont,50,6,1
Tuberculosis,2010,Vermont,50,5,0.8
Tuberculosis,2011,Vermont,50,8,1.3
Tuberculosis,2012,Vermont,50,4,0.6
Tuberculosis,2013,Vermont,50,5,0.8
Tuberculosis,2014,Vermont,50,2,0.3
Tuberculosis,2015,Vermont,50,7,1.1
Tuberculosis,2016,Vermont,50,6,1
Tuberculosis,2017,Vermont,50,3,0.5
Tuberculosis,2018,Vermont,50,5,0.8
Tuberculosis,2019,Vermont,50,4,0.6
Tuberculosis,2020 (COVID-19 Pandemic),Vermont,50,3,0.5
Tuberculosis,2021,Vermont,50,3,0.5
Tuberculosis,2022,Vermont,50,3,0.5
Tuberculosis,2000,Virginia,51,292,4.1
Tuberculosis,2001,Virginia,51,306,4.3
Tuberculosis,2002,Virginia,51,315,4.3
Tuberculosis,2003,Virginia,51,332,4.5
Tuberculosis,2004,Virginia,51,329,4.4
Tuberculosis,2005,Virginia,51,355,4.7
Tuberculosis,2006,Virginia,51,332,4.3
Tuberculosis,2007,Virginia,51,309,4
Tuberculosis,2008,Virginia,51,292,3.7
Tuberculosis,2009,Virginia,51,271,3.4
Tuberculosis,2010,Virginia,51,268,3.3
Tuberculosis,2011,Virginia,51,221,2.7
Tuberculosis,2012,Virginia,51,234,2.9
Tuberculosis,2013,Virginia,51,179,2.2
Tuberculosis,2014,Virginia,51,198,2.4
Tuberculosis,2015,Virginia,51,212,2.5
Tuberculosis,2016,Virginia,51,203,2.4
Tuberculosis,2017,Virginia,51,204,2.4
Tuberculosis,2018,Virginia,51,204,2.4
Tuberculosis,2019,Virginia,51,191,2.2
Tuberculosis,2020 (COVID-19 Pandemic),Virginia,51,169,2
Tuberculosis,2021,Virginia,51,160,1.8
Tuberculosis,2022,Virginia,51,195,2.2
Tuberculosis,2000,Washington,53,258,4.4
Tuberculosis,2001,Washington,53,261,4.4
Tuberculosis,2002,Washington,53,252,4.2
Tuberculosis,2003,Washington,53,250,4.1
Tuberculosis,2004,Washington,53,245,4
Tuberculosis,2005,Washington,53,255,4.1
Tuberculosis,2006,Washington,53,262,4.1
Tuberculosis,2007,Washington,53,291,4.5
Tuberculosis,2008,Washington,53,228,3.5
Tuberculosis,2009,Washington,53,256,3.8
Tuberculosis,2010,Washington,53,239,3.5
Tuberculosis,2011,Washington,53,197,2.9
Tuberculosis,2012,Washington,53,185,2.7
Tuberculosis,2013,Washington,53,210,3
Tuberculosis,2014,Washington,53,194,2.7
Tuberculosis,2015,Washington,53,207,2.9
Tuberculosis,2016,Washington,53,204,2.8
Tuberculosis,2017,Washington,53,207,2.8
Tuberculosis,2018,Washington,53,190,2.5
Tuberculosis,2019,Washington,53,221,2.9
Tuberculosis,2020 (COVID-19 Pandemic),Washington,53,163,2.1
Tuberculosis,2021,Washington,53,199,2.6
Tuberculosis,2022,Washington,53,251,3.2
Tuberculosis,2000,West Virginia,54,33,1.8
Tuberculosis,2001,West Virginia,54,32,1.8
Tuberculosis,2002,West Virginia,54,30,1.7
Tuberculosis,2003,West Virginia,54,21,1.2
Tuberculosis,2004,West Virginia,54,24,1.3
Tuberculosis,2005,West Virginia,54,28,1.5
Tuberculosis,2006,West Virginia,54,22,1.2
Tuberculosis,2007,West Virginia,54,24,1.3
Tuberculosis,2008,West Virginia,54,28,1.5
Tuberculosis,2009,West Virginia,54,19,1
Tuberculosis,2010,West Virginia,54,15,0.8
Tuberculosis,2011,West Virginia,54,13,0.7
Tuberculosis,2012,West Virginia,54,8,0.4
Tuberculosis,2013,West Virginia,54,13,0.7
Tuberculosis,2014,West Virginia,54,13,0.7
Tuberculosis,2015,West Virginia,54,10,0.5
Tuberculosis,2016,West Virginia,54,14,0.8
Tuberculosis,2017,West Virginia,54,16,0.9
Tuberculosis,2018,West Virginia,54,6,0.3
Tuberculosis,2019,West Virginia,54,9,0.5
Tuberculosis,2020 (COVID-19 Pandemic),West Virginia,54,13,0.7
Tuberculosis,2021,West Virginia,54,6,0.3
Tuberculosis,2022,West Virginia,54,11,0.6
Tuberculosis,2000,Wisconsin,55,92,1.7
Tuberculosis,2001,Wisconsin,55,86,1.6
Tuberculosis,2002,Wisconsin,55,78,1.4
Tuberculosis,2003,Wisconsin,55,66,1.2
Tuberculosis,2004,Wisconsin,55,95,1.7
Tuberculosis,2005,Wisconsin,55,67,1.2
Tuberculosis,2006,Wisconsin,55,74,1.3
Tuberculosis,2007,Wisconsin,55,70,1.2
Tuberculosis,2008,Wisconsin,55,68,1.2
Tuberculosis,2009,Wisconsin,55,68,1.2
Tuberculosis,2010,Wisconsin,55,55,1
Tuberculosis,2011,Wisconsin,55,70,1.2
Tuberculosis,2012,Wisconsin,55,71,1.2
Tuberculosis,2013,Wisconsin,55,50,0.9
Tuberculosis,2014,Wisconsin,55,48,0.8
Tuberculosis,2015,Wisconsin,55,69,1.2
Tuberculosis,2016,Wisconsin,55,40,0.7
Tuberculosis,2017,Wisconsin,55,49,0.8
Tuberculosis,2018,Wisconsin,55,49,0.8
Tuberculosis,2019,Wisconsin,55,51,0.9
Tuberculosis,2020 (COVID-19 Pandemic),Wisconsin,55,35,0.6
Tuberculosis,2021,Wisconsin,55,66,1.1
Tuberculosis,2022,Wisconsin,55,52,0.9
Tuberculosis,2000,Wyoming,56,4,0.8
Tuberculosis,2001,Wyoming,56,3,0.6
Tuberculosis,2002,Wyoming,56,3,0.6
Tuberculosis,2003,Wyoming,56,4,0.8
Tuberculosis,2004,Wyoming,56,5,1
Tuberculosis,2005,Wyoming,56,0,0
Tuberculosis,2006,Wyoming,56,4,0.8
Tuberculosis,2007,Wyoming,56,2,0.4
Tuberculosis,2008,Wyoming,56,5,0.9
Tuberculosis,2009,Wyoming,56,2,0.4
Tuberculosis,2010,Wyoming,56,7,1.2
Tuberculosis,2011,Wyoming,56,4,0.7
Tuberculosis,2012,Wyoming,56,3,0.5
Tuberculosis,2013,Wyoming,56,0,0
Tuberculosis,2014,Wyoming,56,2,0.3
Tuberculosis,2015,Wyoming,56,4,0.7
Tuberculosis,2016,Wyoming,56,1,0.2
Tuberculosis,2017,Wyoming,56,2,0.3
Tuberculosis,2018,Wyoming,56,1,0.2
Tuberculosis,2019,Wyoming,56,1,0.2
Tuberculosis,2020 (COVID-19 Pandemic),Wyoming,56,0,0
Tuberculosis,2021,Wyoming,56,3,0.5
Tuberculosis,2022,Wyoming,56,1,0.2